[
    {
        "name": "ReactJS",
        "icon": "https://img.icons8.com/external-tal-revivo-color-tal-revivo/48/000000/external-react-a-javascript-library-for-building-user-interfaces-logo-color-tal-revivo.png"
    },
   
   
   
    {
        "name": "MaterialUI",
        "icon": "https://img.icons8.com/color/48/000000/material-ui.png"
    },
    {
        "name": "ChakraUI",
        "icon": "https://img.icons8.com/color/48/000000/chakra-ui.png"
    },
    {
        "name": "TailwindCSS",
        "icon": "https://upload.wikimedia.org/wikipedia/commons/thumb/d/d5/Tailwind_CSS_Logo.svg/48px-Tailwind_CSS_Logo.png"
    },
    {
        "name": "Bootstrap",
        "icon": "https://img.icons8.com/color/48/000000/bootstrap.png"
    },
    {
        "name": "Sass",
        "icon": "https://img.icons8.com/color/48/000000/sass.png"
    },
    {
        "name": "HTML5",
        "icon": "https://img.icons8.com/color/48/000000/html-5--v1.png"
    },
    {
        "name": "CSS3",
        "icon": "https://img.icons8.com/color/48/000000/css3.png"
    },
    {
        "name": "JavaScript",
        "icon": "https://img.icons8.com/color/48/000000/javascript--v1.png"
    },
    
    {
        "name": "Python",
        "icon": "https://img.icons8.com/color/48/000000/python--v1.png"
    }  
]